,Q1,Q3,IQR,P90,Avg_Weekly_Supply,Median,Number of Partners ,DRY,FROZEN,PRODUCE,REFRIG,Monthly_Open_Hours,Average_monthly_served,Parent,Is_Disaster_Relief,Is_TEFAP,Is_CSFP,Is_Non_Church,info_web,C_pantry,C_Other,Partners_webpage,Is_multi_FB,Is_Other,isWeb,Is_Meal_Services,Is_White,Is_Multi,social_media,isEmail,Is_Pantries,Is_Black,Is_Hispanic,Is_Elderly_Services,Is_Children_Services,Is_Shelters_Group_Homes
0,-0.6917887060376268,-0.9800029014315255,-0.9061350533283788,-1.0209051253433632,-0.8903485627657071,-0.8667566743731384,-0.34716296198471047,-0.5606425037539939,-0.7316857750517312,-0.7659532782936412,-0.7648209753767029,-0.4251017905571702,-0.6293363960190343,R1001,0,0,0,0,0.0,0.0,0.0,0.0,0.0,0,0,0,0,0,1.0,1,1,0,0,0,0,0
1,1.843397749233404,3.7583503354818713,4.084581361204398,5.694412354623752,3.821521785051088,2.794737181416633,-0.34716296198471047,0.9854369906671651,0.468355204726103,1.6729494837500818,-0.049884178437857446,-0.32580111911538734,3.3412467487077926,R1002,1,1,1,0,1.0,0.0,0.0,0.0,1.0,0,0,0,0,1,1.0,1,1,0,0,0,0,0
2,1.3765450598306501,0.6498259543727701,-0.09012027062861214,0.69948135176655,0.8262450396818387,1.0092565961166142,-0.34716296198471047,1.8079168766862093,0.032023967980954915,1.4414163536713964,2.3076375709739065,-0.4098247641815113,-0.34300851013141115,R1003,0,0,0,0,1.0,1.0,1.0,1.0,1.0,0,0,0,0,1,1.0,1,1,0,0,0,0,0
3,1.8965984429364835,1.1876721473253922,0.301500166269506,1.2802741067412464,1.3701618677117344,1.2714130998935047,-0.34716296198471047,1.1227495185162184,0.44643419247624333,0.3928818687810893,0.8997121639556551,0.2852799359109687,0.6387922966201615,R1004,1,1,0,1,0.0,0.0,0.0,0.0,0.0,0,0,1,0,0,1.0,1,1,0,0,0,1,0
4,-0.30617591090268276,-0.49488074299873075,-0.49007305724796685,-0.4481125454754688,-0.4217561793783308,-0.31088476848174934,-0.34716296198471047,0.5732379643174174,1.358608858363302,0.07441446588001814,0.12401475202935582,0.9269150436886424,-0.645798834716747,R1006,0,0,0,1,0.0,0.0,0.0,0.0,0.0,0,0,0,0,0,0.0,1,0,0,0,1,0,0
5,-0.7240337866870662,-1.0197939057760839,-0.9397977462021746,-1.0503126104480103,-1.0084286834368004,-0.8983155727107467,0.5918843942034409,-0.8730591781139556,-0.8540195660612933,-1.129305038183058,-0.7648209753767029,0.7741447799320534,-0.645798834716747,R1008,0,0,0,1,0.0,0.0,1.0,1.0,0.0,1,0,0,0,0,1.0,1,0,0,0,0,0,0
6,-0.5342526712857888,-0.8574633942841413,-0.8463087823299004,-0.7636578845542562,-0.7852932795758083,-0.7232180988307065,-0.03414717658866006,-0.6245759320064412,-0.7383659518960969,-0.8201134628836816,-0.7210058758145051,-0.3105240927397284,-0.3769222770736089,R1010,0,1,0,1,1.0,0.0,1.0,0.0,1.0,0,0,0,0,0,1.0,1,1,0,0,0,0,0
7,-0.6568134927016215,-0.9511610996247315,-0.8904702358524542,-0.9815943483397218,-0.9373296409452578,-0.8336742430123354,-0.34716296198471047,-0.5771808480029349,-0.5299144574125834,-0.8550571752378023,-0.6931617851610031,-0.2646930136127517,-0.645798834716747,R1011,0,0,0,1,0.0,0.0,0.0,0.0,0.0,0,0,0,0,0,1.0,1,1,0,0,0,0,0
8,-0.4339018482120184,-0.2008088161639031,0.03426504601000722,0.011923982342448,-0.25420208722344856,-0.32753480794952194,-0.34716296198471047,-0.44633643247889154,-0.3367106260218049,-0.269604972211237,-0.27705135468126446,-0.413644020775426,-0.2775770265411678,R1012,0,0,0,0,0.0,0.0,0.0,0.0,0.0,0,0,0,0,1,0.0,1,1,0,0,0,0,0
9,-0.58243582383518,-0.834954580704765,-0.7772613776399202,-0.8777447792004316,-0.8376931148588529,-0.7202798565716878,5.913152745936298,-0.8094226368966737,-0.8540195660612933,-1.1641385411022536,-0.7648209753767029,-0.12932859376719869,-0.4822480850459922,R1013,0,0,0,0,0.0,1.0,1.0,1.0,0.0,0,0,0,1,0,1.0,1,0,0,0,0,1,0
10,0.18672372007730692,0.2698085101962156,0.2522837539160688,0.06281955893175016,0.16212662869647,0.24999303162870867,-0.34716296198471047,1.1121667565387083,0.938599622890405,0.9055824062790281,1.5272478506611122,-0.43083067544804227,-0.0012585717910804687,R1014,0,0,0,0,0.0,0.0,0.0,0.0,0.0,0,1,0,1,0,0.0,1,1,0,0,0,0,0
11,-0.4466670632059612,-0.44177520316399893,-0.3069835593733289,-0.4486957273321162,-0.47968364221893117,-0.38553788661829846,4.348073818956046,-0.33368580977157547,-0.3150568679846374,-0.34084361674298846,-0.3906286615116907,-0.41746327736934075,-0.2954650169956752,R1024,0,1,0,0,0.0,1.0,0.0,0.0,0.0,0,0,0,0,1,1.0,1,1,0,0,0,0,0
12,-0.5594141644241385,-0.8093555740746609,-0.757319287307094,-0.7726532486997627,-0.7787239244435059,-0.7288769357740018,-0.03414717658866006,-0.17708052123186563,-0.725136762039019,-0.5875821700209028,-0.758931178920618,-0.43274030374499967,-0.5682106453762227,R1026,0,0,0,0,0.0,1.0,0.0,1.0,0.0,0,0,0,0,0,1.0,1,1,1,0,0,0,0
13,-0.5794843290388926,0.40325906934987366,1.0234149461174413,0.20114165559731084,-0.026836954197302636,-0.6828444737160422,-0.34716296198471047,0.5224934442146733,0.14281857089769878,-0.009146864096983077,0.5008761469796849,-0.32580111911538734,-0.3807535716835718,R1029,0,0,0,0,0.0,0.0,0.0,0.0,0.0,0,0,0,0,0,1.0,1,1,1,0,0,0,0
14,-0.6464832609146157,-0.055424770760026575,0.4059878317738124,-0.13429590861508048,-0.44161887091275526,-0.8212683312520341,-0.03414717658866006,-0.3778754984912936,0.1494153404352961,-0.4460344511426721,-0.5364478933025592,-0.21886193448577504,1.9422098569460362,R1032,1,0,0,1,0.0,1.0,0.0,0.0,0.0,0,0,1,0,0,1.0,1,0,0,0,0,0,0
15,-0.4721974931938469,-0.5431030148026826,-0.4353017450803719,-0.39951448940807693,-0.5126329643641131,-0.6025325186361978,2.469979106579743,-0.4820768663105654,-0.5740397539564661,-0.9766919731788,-0.7259583867946726,-0.32580111911538734,-0.4520073009164981,R1033,1,1,0,0,1.0,1.0,0.0,1.0,1.0,0,0,0,0,1,1.0,1,1,0,0,0,0,0
16,-0.5168388519876933,-0.8493754816081621,-0.8476419582852983,-0.9000676847132137,-0.8277087008129124,-0.6928562621541801,2.469979106579743,-0.46672868056980676,-0.7677730572283399,-0.20590646644821012,-0.7647632322741923,-0.08136869710484494,-0.645798834716747,R1036,0,0,0,0,1.0,1.0,1.0,1.0,0.0,1,0,0,0,1,1.0,1,0,0,0,0,0,0
17,-0.4171521152430876,0.35522755020337404,0.8312709615457262,0.34291964474670755,0.024237236827643376,-0.2625670068889974,-0.34716296198471047,0.41295963541529573,0.43509622663876446,0.5617842215450736,0.04984071221574031,-0.43655956033891435,0.24506961420099957,R1037,0,0,0,0,1.0,0.0,0.0,0.0,0.0,0,0,0,0,1,1.0,1,1,0,0,0,0,0
18,1.4552761835216155,0.8430583963719921,0.13196462394141287,1.113778062594489,1.2920384839679564,1.2452953909244495,-0.34716296198471047,1.0440625881775296,0.607605754157321,0.6384238504459125,2.381802781286662,-0.12932859376719869,-0.38683751641968306,R1039,1,1,0,0,0.0,0.0,0.0,0.0,0.0,0,0,0,0,1,1.0,1,1,0,0,0,0,0
19,-0.4587681918707394,-0.3320542745974121,-0.1381146050229347,0.2037659739522242,-0.2794245992853688,-0.6039472278720216,-0.34716296198471047,0.12951590188332443,-0.4711591429401095,-0.40917080587348514,-0.24356845410220118,-0.2646930136127517,-0.0027974519302144704,R1041,0,0,0,0,0.0,0.0,0.0,0.0,0.0,0,0,0,1,0,1.0,1,1,0,0,0,0,0
20,-0.3964916516690761,0.3858624269902201,0.8603230875737711,1.0295622826289945,0.3416120817948024,-0.06559595174737365,-0.34716296198471047,-0.30755764993295015,-0.1956103076533725,-0.35497240083997256,-0.689306831577767,0.8963609909373247,-0.1915478609335975,R1044,1,1,0,1,0.0,0.0,0.0,0.0,0.0,0,0,1,0,0,1.0,1,1,0,0,0,0,0
21,4.115679805525137,3.363091753974875,1.7984345681887242,2.7090504321255042,3.4785259993623234,4.204344758088494,5.913152745936298,0.907948294591865,0.07338384802824187,1.1132235695826367,0.9762794812224717,0.2852799359109687,4.2726410295066355,R1048,1,1,0,0,1.0,1.0,0.0,0.0,1.0,0,0,0,1,0,1.0,1,1,0,0,0,0,0
22,-0.5344740333955103,-0.8026029300008479,-0.7662626760078879,-0.857992193722503,-0.8057389826394796,-0.6891562533835639,-0.34716296198471047,-0.7992968049095905,-0.5627154475195456,-1.090877285328072,-0.7352232608625389,6.239062587347186,-0.4624303520113442,R1054,0,0,0,1,0.0,0.0,0.0,0.0,0.0,1,0,0,0,0,0.0,1,0,0,0,0,0,1
23,0.011995228137095023,0.2302082585091095,0.32616392144436623,0.10532703648294052,0.04365232619819948,-0.05961064344196519,-0.34716296198471047,0.72316150262686,0.1549775926089192,0.6705149134304974,0.7422543247233848,-0.4251017905571702,-0.35981764420930673,R1056,1,0,0,0,1.0,0.0,0.0,0.0,0.0,0,0,0,0,1,1.0,1,1,0,0,0,0,0
24,0.04254319927866923,-0.27242995344690396,-0.4286986356712827,0.1775125307222784,0.05579843677165103,-0.05607931154177422,-0.34716296198471047,0.923880675999752,1.1678488040308093,1.3097789175290406,-0.28578419694846335,-0.12932859376719869,1.4525894926782297,R1058,0,1,0,0,0.0,0.0,0.0,0.0,0.0,0,0,1,0,1,1.0,1,1,0,0,0,0,1
25,-0.6743010993696241,-0.9476894012590988,-0.8722501644620169,-1.0005153596887273,-0.9444431891634958,-0.8232271594247134,-0.34716296198471047,-0.5344442269057134,-0.7244600154179246,-0.644019417142332,-0.7648209753767029,-0.12932859376719869,-0.4065924428569383,R1059,0,0,0,0,1.0,0.0,0.0,0.0,0.0,0,0,0,0,1,1.0,1,0,0,0,0,0,1
26,-0.31266919945451493,1.0815640740909525,1.810194291095296,1.7485036916652184,0.9599892077874458,0.7146706037031471,-0.03414717658866006,-0.18531344517034962,-0.3595729572721206,0.009982137948666377,-0.6061236819766372,-0.3563551718667051,0.6214868538152228,R1060,1,1,0,0,1.0,1.0,0.0,0.0,0.0,0,0,0,0,1,1.0,1,1,0,0,0,1,0
27,-0.3604834151543702,0.615757529751782,1.1679534392818247,0.30598479382570376,0.4859990042037908,0.9497299844246428,-0.34716296198471047,0.9558106048408725,0.9739318130815945,0.6552042830600244,1.799656809771448,-0.4098247641815113,-0.4948789806065878,R1062,0,0,0,0,0.0,0.0,0.0,0.0,0.0,0,0,0,0,0,0.0,1,1,0,1,0,0,0
28,-0.4832655986799245,0.6697786823422851,1.339044353557882,1.1203442583137782,0.5998053913977999,0.7925884354608281,-0.34716296198471047,0.7836761241002203,1.6090301615419969,1.2781920257812933,0.7928263816026095,-0.14247680260748055,-0.14451558815415982,R1066,0,0,0,0,1.0,0.0,0.0,0.0,0.0,0,0,0,0,1,1.0,1,1,0,0,0,0,0
29,-0.637333627046125,-0.9158337074645578,-0.8536967990827301,-0.9452534789393774,-0.8958936384617984,-0.7884035474659732,-0.34716296198471047,-0.43166248613836955,-0.5355320612967941,-1.121981141901558,-0.7648209753767029,-0.12932859376719869,-0.645798834716747,R1069,0,0,0,0,1.0,0.0,0.0,0.0,0.0,0,1,1,1,0,1.0,1,1,0,0,0,0,0
30,0.1808207304847322,0.636702171540049,0.7909423888949413,0.33898856704634345,0.49688172713111844,0.7875825412417592,-0.34716296198471047,0.6213237023173356,1.2919785323912154,1.2396612415834198,1.8556721720283098,-0.3563551718667051,-0.45787254175686676,R1070,0,0,0,0,0.0,0.0,0.0,0.0,0.0,0,0,0,0,1,1.0,1,1,0,0,0,0,0
31,4.41983134428255,3.4892845560177856,1.7532043519419263,2.7337924623769716,3.621432600545938,4.042393197722879,-0.34716296198471047,0.508217035310441,0.2850505289122259,0.7751928575793777,0.8715592231549073,-0.020260591602209343,4.558610290710673,R1073,1,1,1,1,1.0,0.0,0.0,0.0,0.0,0,0,0,0,0,1.0,1,1,0,0,0,0,0
32,-0.5601520381232103,-0.06004098507037323,0.3342740751730365,-0.026623258415546035,-0.33631716862797295,-0.6604267735176033,-0.03414717658866006,-0.29923937235696335,-0.4314297089127843,-0.14473324686069036,-0.5870819602666246,-0.38690922461802296,0.41534849099168936,R1074,0,0,0,0,1.0,0.0,1.0,1.0,1.0,0,1,0,0,0,1.0,1,1,0,1,0,1,0
33,-0.3577532824678044,0.5695572361168248,1.0986282896011366,0.38238161704651863,0.20661442442462744,-0.29980977164099626,-0.34716296198471047,-0.49770698423623116,-0.33531566244579786,0.07762661284357707,0.09816684408305633,-0.12932859376719869,-0.19791313840832306,R1075,1,1,0,0,1.0,0.0,0.0,0.0,0.0,0,0,0,0,0,1.0,1,1,0,1,0,0,0
34,-0.6069332306443651,-0.6969259577722509,-0.5578428349806909,-0.3186029746436914,-0.5547542121772009,-0.5276617529249066,-0.34716296198471047,-0.1453735281534095,0.12418024743439719,-0.2661513261412323,0.2505799336523361,-0.12932859376719869,-0.3139804888092404,R1076,0,0,0,0,0.0,0.0,0.0,0.0,0.0,0,0,1,0,0,0.0,1,1,1,0,0,0,0
35,-0.6342345575100232,-0.8341152690119747,-0.7370439029854183,-0.835539692241577,-0.8503882814210101,-0.7907976707881366,-0.34716296198471047,-0.6761637406036785,-0.6861631598667466,-0.7304607601407606,-0.6293248605654109,0.040847513900426256,-0.5990956118895403,R1078,0,0,0,0,1.0,0.0,0.0,0.0,0.0,0,0,0,0,1,1.0,1,1,0,0,0,0,0
36,-0.6686932592566781,-0.9637889255480765,-0.8999135655365222,-1.0083451160974197,-0.9514630353195834,-0.8387889610187753,3.096010677371844,-0.8451280300574322,-0.8540195660612933,-1.17566433250934,-0.7648209753767029,-0.3563551718667051,-0.6234910373510059,R1079,0,0,0,0,1.0,1.0,1.0,0.0,0.0,0,0,0,0,1,0.0,1,1,0,0,0,0,0
37,-0.667807810817792,-0.978171675919983,-0.9215221258135957,-1.0153432983771886,-0.9443776895847574,-0.8495625159685105,3.722042248163945,-0.8339100733509998,-0.6805373192607107,-0.9801324320776524,-0.7602400225775258,0.7435907271807356,-0.18757043235693396,R1103,0,0,0,0,1.0,1.0,0.0,1.0,1.0,0,0,0,0,1,1.0,1,1,0,0,0,0,0
38,-0.2201398375909061,-0.3582255391998734,-0.3558666777379167,-0.46556480251884363,-0.38498744995351913,-0.28041410801785177,0.5918843942034409,0.07200922997914941,1.0810201926585767,0.5811152919425535,0.4293534344786368,-0.004983565226550444,-0.2516732897805412,R1107,0,0,0,0,1.0,1.0,0.0,0.0,0.0,0,0,1,0,1,1.0,1,1,0,0,1,1,0
39,0.36979018481703063,-0.19532276973557378,-0.5627866958152912,-0.42305732496765336,-0.12917278041511132,0.1874193538903475,-0.03414717658866006,1.07796872831006,0.9954918839039769,1.928548084177079,0.812269696967813,-0.32580111911538734,-0.5554142307308946,R1109,1,0,0,0,0.0,1.0,0.0,0.0,0.0,0,0,0,0,1,0.0,1,1,0,0,0,0,0
40,-0.33672388204425696,1.4081017217188538,2.303757693892855,1.191112836634742,0.5442581873423596,-0.48467635691333677,-0.34716296198471047,-0.4591355399838251,-0.3484081620315573,-0.27601156954313444,-0.42891793693540625,-0.3563551718667051,0.19128436158620188,R1114,1,1,0,0,1.0,0.0,0.0,0.0,0.0,0,0,0,1,0,1.0,1,1,0,0,0,0,0
41,-0.3536949771229093,0.8397011496008309,1.488915550543857,0.7916456844448686,0.6670244183988286,0.5997526842393047,-0.34716296198471047,0.041295212193319164,-0.4386496210235382,0.3421471315890702,0.1919815715848259,-0.4251017905571702,-0.35376948738340785,R1117,0,1,0,0,0.0,0.0,0.0,0.0,0.0,0,0,0,0,0,0.0,1,1,0,1,0,0,0
42,-0.48562679451695445,-0.5568372061392513,-0.4451894667495726,-0.636107264777614,-0.6335590987910995,-0.5527608712441685,-0.34716296198471047,0.046925918539570316,-0.6906075362892858,-0.7529540493551863,-0.6467786756842926,-0.3563551718667051,-0.5750461362267947,R1121,0,0,0,0,0.0,0.0,0.0,0.0,0.0,0,0,0,0,1,1.0,1,1,0,0,0,0,0
43,-0.42858915757870114,-0.2171830242796121,0.006423888141448765,-0.2834250130641582,-0.37102628936855236,-0.41753208010539095,-0.34716296198471047,-0.7317948671881407,-0.594050521430738,-0.6487769187729038,-0.7233878933627166,-0.4251017905571702,-0.4841806321974628,R1122,1,1,0,0,1.0,0.0,0.0,0.0,0.0,0,0,0,0,0,1.0,1,1,1,0,0,0,0
44,-0.6484017325322026,-0.9422338752559619,-0.8838043560754649,-0.9776524709753457,-0.8632873125681747,-0.8163712608203364,-0.34716296198471047,-0.42103078532813243,-0.6518135243753154,-0.9183104301965113,-0.6451552696022792,-0.12932859376719869,-0.5915300476706349,R1123,0,0,0,0,0.0,0.0,0.0,0.0,0.0,0,0,0,0,1,1.0,1,1,0,0,0,0,0
45,-0.5992593441740179,-0.9097296224260829,-0.8734722424211316,-0.9448106927148858,-0.803173887594489,-0.7730593934466533,2.156963321183693,-0.6904524651559893,-0.5685407750133086,-1.0038572196394335,-0.5970426167217978,0.7741447799320534,-0.590549011581937,R1125,0,0,0,0,0.0,1.0,1.0,1.0,0.0,1,0,0,0,1,1.0,1,0,0,0,0,0,0
46,-0.6739321625200883,-0.978095374857002,-0.9168004609715616,-1.0138853437355702,-0.9641941168122748,-0.8476036877958314,2.156963321183693,-0.7573930048270826,-0.6113534266620155,-1.06406039376847,-0.7210723877700622,4.685063532100732,0.8849216608888393,R1127,0,0,0,0,1.0,0.0,1.0,0.0,0.0,0,0,0,0,1,1.0,0,0,0,0,0,0,1
47,-0.5709249941296592,-0.9233875126996706,-0.9146895990421817,-0.97317061041037,-0.896802755398126,-0.7838329483963885,-0.34716296198471047,-0.6779363002656346,-0.8004385178797111,-0.6563633974456008,-0.7463101865147217,-0.4251017905571702,-0.6277497986662837,R1129,0,0,0,0,0.0,0.0,0.0,0.0,0.0,0,0,0,0,1,0.0,1,1,0,0,0,0,0
48,-0.58243582383518,-0.5963779429972321,-0.42988238482167956,-0.6563436752032797,-0.612939826601642,-0.5204793829584164,-0.34716296198471047,-0.9020989508607167,-0.8480657733226831,-1.1703588094806812,-0.7580897794268915,-0.41746327736934075,-0.6156157088870398,R1130,0,1,0,0,0.0,0.0,0.0,0.0,0.0,0,0,0,1,0,0.0,1,1,0,0,0,0,0
49,-0.192838510725248,-0.48084134741023843,-0.5549542870773289,-0.5037092158091904,-0.39787358633792363,-0.3208965569198871,-0.34716296198471047,-0.6975853764931773,-0.5389237786561923,0.43271265810555,-0.6952886561034782,-0.43274030374499967,-0.645798834716747,R1131,1,0,0,0,0.0,0.0,0.0,0.0,0.0,0,1,1,0,1,1.0,1,1,0,0,0,0,0
50,0.15167471937139448,0.2590786732145214,0.2630463723059993,0.8941406517271346,0.5585719036116631,0.30049162192037676,-0.34716296198471047,-0.20589210841749928,-0.2887468180003884,0.5171622058937816,-0.3520449616741885,-0.2417774740492634,0.0854152732546218,R1133,1,1,1,0,0.0,0.0,0.0,0.0,0.0,0,0,0,0,0,1.0,1,1,1,0,0,0,0
51,-0.6534930610557982,-0.9761496977509883,-0.9293545345515581,-1.0080859241611317,-0.9578535159582288,-0.8398771988924859,-0.34716296198471047,-0.6133186163580958,-0.4287232696444342,-1.1091484858031226,-0.7641070606547532,-0.12932859376719869,-0.19964288740192326,R1140,0,0,0,0,0.0,0.0,0.0,0.0,0.0,0,0,0,0,1,1.0,1,0,0,0,0,0,1
52,-0.5204544331131453,-0.8522749220014377,-0.8491417812351209,-0.9310951194196593,-0.8523718552348927,-0.7507505170355855,-0.03414717658866006,-0.8102949049872921,-0.5730551449514198,-1.0232677572378606,-0.7608944444059796,4.685063532100732,1.9315748829612456,R1152,0,0,0,0,1.0,0.0,1.0,0.0,0.0,0,1,0,0,1,1.0,1,0,0,0,0,0,1
53,1.3553533271933071,1.5928689422856557,1.2989490866992917,1.3059904826798754,1.433588655324747,1.9128205026585494,-0.34716296198471047,0.6195357302776054,1.0720170014625496,2.903504485408327,0.09278485617931058,-0.27997003998841063,0.15518628948527527,R1156,1,1,0,0,0.0,0.0,0.0,0.0,0.0,0,1,0,0,1,1.0,1,1,0,0,0,0,0
54,0.37601488734240074,0.2617205975202363,0.09800418843757831,0.04741923805065341,0.31794031158398833,0.7172823746000526,-0.34716296198471047,0.3674281394705851,0.47739266254395224,0.5326478153801568,1.2516687411695693,-0.4098247641815113,-0.5840289016901119,R1161,0,0,0,0,0.0,0.0,0.0,0.0,0.0,0,0,0,0,0,1.0,1,1,1,0,0,0,0
55,-0.4066743087162675,0.194403984705305,0.5892162021438043,0.06666207938721617,-0.006712082930006614,0.20488339528765565,-0.34716296198471047,-0.3933215231377444,0.1157385808892983,-0.020405070335339177,-0.06424472094038061,-0.3945477378058524,-0.0714028758074218,R1162,0,1,0,0,0.0,1.0,0.0,0.0,0.0,0,0,0,0,1,1.0,1,1,0,0,0,0,0
56,1.4997699675756475,1.561127700085586,1.144011821082805,2.053867215510142,1.807206554057717,1.1884893739167548,-0.34716296198471047,1.5153777527806904,1.1297609777165312,1.463942884864454,1.5059629490225577,-0.12932859376719869,0.4274090167332745,R1163,1,0,0,0,0.0,0.0,0.0,0.0,0.0,0,0,0,0,1,0.0,1,1,0,0,0,0,0
57,0.1716710966162414,1.5503890884816491,2.128202306636159,2.08246472581389,2.070720523182061,1.2479506913363037,-0.34716296198471047,-0.3514063391201161,-0.13831661647340746,1.239898327037766,0.10929397125975876,-0.3678129416484493,-0.12269020458820117,R1168,0,1,0,0,0.0,0.0,0.0,0.0,0.0,0,0,0,0,0,0.0,1,1,0,1,0,0,0
58,1.5069273424566445,0.6348327954970161,-0.21010610661441856,0.6364329132645553,1.0080890109108416,1.0925067934554773,-0.34716296198471047,1.6955360363085359,0.6927608716737478,1.1334761247934246,1.7188756167793073,-0.38690922461802296,-0.43545814535942445,R1170,1,0,0,0,1.0,0.0,0.0,0.0,0.0,0,0,0,0,0,1.0,1,1,1,0,0,0,0
59,0.27408796604741287,1.7581065242771718,2.3535468164171314,1.5114756898359987,1.4221148856477601,1.46509114722928,-0.34716296198471047,0.1728894431710205,-0.024420580185065998,0.1927494970688883,-0.22782132846693823,-0.18830788173445726,0.5308360772471655,R1179,0,1,0,0,1.0,0.0,0.0,0.0,0.0,0,0,0,0,1,1.0,1,1,0,0,0,0,0
60,-0.45530018548510176,-0.8033659406306574,-0.8269777309766316,-0.8954022298600343,-0.7859641105983036,-0.6639091347134772,-0.34716296198471047,-0.7748305902326871,-0.5490191825669988,-0.7377812774862333,-0.7107419351890141,-0.12932859376719869,-0.5867487828662558,R1181,0,0,0,0,0.0,0.0,0.0,0.0,0.0,0,0,0,0,0,1.0,1,1,1,0,0,0,0
61,-0.6795400026330342,-0.9791254392072447,-0.9140785600626244,-1.0187019938849173,-0.9644763777110066,-0.8495625159685105,-0.34716296198471047,-0.8171842442734211,-0.6325416312390366,-1.1209168233256783,-0.7471515860084481,-0.12932859376719869,-0.535357343801222,R1182,0,0,0,0,0.0,0.0,0.0,0.0,0.0,0,0,0,0,1,1.0,1,1,0,0,0,0,1
62,-0.38763716728021397,-0.7480476699694784,-0.797370114967171,-0.8194049942076648,-0.7205850212506625,-0.5894736641516702,0.2788686088073904,-0.4781799064966893,-0.6039410663629,-0.6389253019278418,-0.6323005551147923,5.003752268454192,5.496002253272087,R1183,0,0,0,0,1.0,1.0,1.0,0.0,0.0,0,0,0,0,1,1.0,1,0,0,0,0,0,1
63,-0.6255276478609755,-0.9104926330558922,-0.8548077790455617,-0.9505021156492041,-0.9039393370164899,-0.7837241246090175,-0.34716296198471047,-0.7736117559165436,-0.37212990747755775,-0.9204550709256428,-0.7624046486254886,-0.4403788169328291,-0.597659621992267,R1185,0,0,0,0,0.0,0.0,0.0,0.0,0.0,1,1,0,0,1,0.0,1,1,0,0,0,0,0
64,-0.41228214882921344,-0.18296199753266204,0.04397501088515485,-0.00012088293012405757,-0.11722053119924943,-0.09541366948704487,-0.34716296198471047,0.9156666456558287,0.7260692208383112,0.07067268829928444,0.37778155848210937,0.05399572274070812,0.41927174064872574,R1186,1,0,0,0,0.0,0.0,0.0,0.0,0.0,0,0,1,0,1,0.0,1,1,0,0,0,0,0
65,-0.5980049588855958,-0.9323528875999306,-0.9073571312874936,-0.9892729094522463,-0.9163880109052007,-0.7919947324492183,-0.34716296198471047,-0.8004034309830594,-0.5812171325776466,-0.6942033634143695,-0.7053620778200361,-0.3105240927397284,-0.630250975946685,R1188,0,0,0,0,0.0,0.0,0.0,0.0,0.0,0,0,0,0,0,1.0,1,1,1,0,0,0,0
66,-0.6637495054728968,-0.28650253999779296,0.08252601559540931,-0.29639886543504146,-0.6010472285550518,-0.8293212915174928,-0.03414717658866006,-0.14536842326823357,-0.5681597641376431,-0.2890764554787522,-0.4176316740094166,-0.08136869710484494,-0.3167926232650429,R1193,0,0,0,0,1.0,0.0,1.0,1.0,0.0,0,1,0,0,1,1.0,1,1,0,0,0,0,0
67,4.2112676538714,2.597868393339062,0.6122718138224652,2.1187710362893966,3.0899266646419448,3.519059604255437,-0.34716296198471047,1.46882249336988,2.2943908002021023,1.8422734351891255,0.742334991302934,0.6519285689267823,3.524208463234317,R1195,1,1,0,0,0.0,0.0,0.0,0.0,0.0,0,0,0,0,1,0.0,1,1,0,0,0,0,1
68,1.9820442172890027,0.7354738975688715,-0.42124784855055286,0.27105868041093006,0.9905504043537676,1.3350750155055764,-0.34716296198471047,2.4724280309471682,1.190665960517872,0.8444320461314999,2.289063027921891,-0.2646930136127517,-0.4373628880575762,R1197,1,0,0,0,0.0,0.0,0.0,0.0,0.0,0,0,0,0,0,1.0,1,1,0,1,0,0,0
69,-0.25983744260097114,0.6380374401422155,1.1246252207313947,0.2898088410752661,0.5846241897361266,0.8951004431643693,-0.34716296198471047,-0.054098606312776784,0.016723390575264424,0.32679704141363175,0.16878169622579636,-0.12932859376719869,-0.31794578926077643,R1199,1,1,0,0,0.0,0.0,0.0,0.0,0.0,0,0,1,0,0,1.0,1,1,0,1,0,0,0
70,-0.06548151026544827,1.2455465035964324,1.8628714060329534,1.1316407068703183,0.9422410179463645,1.3841545436099258,-0.34716296198471047,-0.001224411183418705,0.09288372587366005,0.3380027989544552,0.20159614816312107,-0.41746327736934075,-0.1342106582302172,R1200,0,1,0,0,0.0,0.0,0.0,0.0,0.0,0,0,0,0,0,0.0,1,1,0,1,0,0,0
71,1.6279386291044262,0.5567005070045371,-0.41497081176055467,0.2294583746367468,0.7543012370607575,1.0808626482067736,-0.34716296198471047,1.3201537555519132,0.6551281146227649,0.8502457479134341,1.748180475082218,-0.44852656433318056,-0.04889228028381023,R1208,0,0,0,0,0.0,0.0,0.0,0.0,0.0,0,0,0,0,0,1.0,1,1,1,0,0,0,0
72,1.0937180709764136,0.08313795961335424,-0.7023257791469327,-0.21984004725404863,0.2806652032701291,0.5393554822483648,-0.34716296198471047,0.8621937485435619,1.9343254582098817,3.8337327577957145,3.2646750897809342,-0.12932859376719869,0.5561739176775582,R1209,0,0,0,0,0.0,0.0,0.0,0.0,0.0,0,0,0,0,1,0.0,1,0,0,0,0,0,1
73,-0.5237010773890615,0.5910268292184007,1.254818740615697,0.4548572982578567,0.1862631156084039,-0.26191406416477103,-0.34716296198471047,-0.20254512410869452,-0.33962759967972106,-0.3455783483407738,0.03714987815252179,-0.41746327736934075,-0.5550804587627329,R1211,0,1,0,0,1.0,0.0,0.0,0.0,0.0,0,0,0,0,0,1.0,1,1,1,0,0,0,0
74,-0.3282383345049308,-0.7539228518190104,-0.8506416041849434,-0.6665573494459784,-0.5946719580468014,-0.5834883558462618,-0.34716296198471047,-0.36576289111024946,1.407666808375274,-0.3205437478118475,0.5016637413620407,-0.3792707114301935,-0.2807621505500731,R1212,0,0,0,0,0.0,0.0,0.0,0.0,0.0,0,0,0,0,1,1.0,1,1,0,0,0,0,0
75,0.4817994123361361,-0.16346707594103277,-0.6007266615459883,-0.3243699952260941,-0.06894042556450317,0.2603312914289596,-0.34716296198471047,2.0648721625241184,2.986862127330876,2.5894777484523006,2.190259286408462,-0.2570545004249223,-0.16158840954271775,R1215,1,0,0,0,0.0,0.0,0.0,0.0,0.0,0,0,0,1,0,1.0,1,1,0,0,0,0,0
76,0.09198073711648257,-0.43857055851879956,-0.7078251299629489,-0.591683278850856,-0.3816994006336757,-0.1853021178555428,-0.34716296198471047,0.2512248060902092,1.788512890770499,2.0005198518128346,-0.03200326141421641,-0.38690922461802296,-0.5373694196420535,R1217,0,0,0,0,0.0,0.0,0.0,0.0,0.0,0,0,0,0,1,0.0,1,1,0,0,0,0,0
77,-0.2573286720241269,1.2261660335992746,1.9790799101451324,0.9404758541940937,0.8602218496034955,1.578405004067273,-0.34716296198471047,0.6864199359260106,1.6942740503322304,4.1235440946569915,0.2058365678894206,5.03430632120551,1.1481059525909687,R1218,0,0,0,0,0.0,0.0,0.0,0.0,0.0,0,0,0,0,1,1.0,1,1,0,0,0,0,1
78,1.8301898100200178,1.1225110395396722,0.25661657577111174,0.8499854694376343,1.5067821942893989,1.4378046707838599,1.2179159649955416,1.8780446127807375,0.4326366833863527,1.7598913827538105,1.26644498693868,-0.35253591527279043,0.2174413475170122,R1221,1,0,0,0,0.0,1.0,1.0,0.0,0.0,0,1,0,0,0,1.0,1,1,1,0,0,0,0
79,1.333969747394205,0.960943538677539,0.3949335811436386,1.0042478701848911,1.2312355829348207,1.39481927477229,-0.34716296198471047,-0.23672106532331283,-0.13004963244853165,0.5284737856098435,0.6240072320792315,-0.022389409137586375,-0.15317825064279925,R1232,1,1,0,0,0.0,0.0,0.0,0.0,0.0,0,0,1,0,1,0.0,1,1,0,0,0,0,0
80,-0.5518878526936057,-0.7801704174844526,-0.7204903015392284,-0.7895115242224781,-0.7720997909381629,-0.7314887066709074,-0.34716296198471047,-0.5598364523663821,-0.5067419962190732,-0.7968073001467684,-0.5930352454075596,-0.38690922461802296,0.10256215573514703,R1233,0,0,0,0,1.0,0.0,0.0,0.0,0.0,0,0,0,1,0,1.0,1,1,0,0,0,0,0
81,-0.4524224780587216,-0.7526257337483345,-0.7552639743758557,-0.7735712201407817,-0.7247423180651407,-0.6204884435524232,-0.34716296198471047,-0.6702209948995558,-0.6399172940442791,-0.24913164192234913,-0.7259192333519444,-0.38690922461802296,-0.4347575281941121,R1234,0,0,0,0,0.0,0.0,0.0,0.0,0.0,0,0,0,0,0,1.0,1,1,0,1,0,0,0
82,-0.5765328342426053,-0.883253153571698,-0.8520303291384829,-0.41320803138871903,-0.6610834681181101,-0.7668564375665028,-0.34716296198471047,-0.6789662622720894,-0.6306371674595838,-0.7253758521670458,-0.7648209753767029,-0.17303085535879834,-0.6368876450738546,R1242,0,0,0,0,0.0,0.0,0.0,0.0,0.0,0,0,0,0,1,0.0,1,1,0,0,0,0,0
83,-0.3249916902290147,0.04838282542553764,0.3151096708141924,-0.14300043780874397,-0.18692075021788912,-0.20597863745604475,-0.34716296198471047,0.49844348689505485,0.6146820955862767,1.0462597449569537,0.614758669524472,-0.32580111911538734,-0.09931744577310862,R1244,0,0,0,0,1.0,0.0,0.0,0.0,0.0,0,0,0,0,0,1.0,1,1,1,0,0,0,0
84,-0.263379236356516,0.4628501995379851,0.8722105731760685,0.3874790584601761,0.38748859830673726,0.48178769872907257,-0.34716296198471047,0.3955754166385302,0.43705671217984865,0.5519539886986053,1.2547916218016828,-0.3639936850545346,-0.4086601887803225,R1246,0,0,0,0,0.0,0.0,0.0,0.0,0.0,0,0,0,0,0,1.0,1,1,1,0,0,0,0
85,-0.3990004222459203,-0.8046630587013333,-0.8712502824954685,-0.8742024894044991,-0.7758565003881797,-0.6396414301297303,-0.34716296198471047,-0.5229206058312241,-0.5066054629701786,-0.3979202032034781,-0.754145719300049,-0.41746327736934075,-0.5480163229302483,R1249,0,0,0,0,0.0,0.0,0.0,0.0,0.0,0,0,0,0,0,1.0,1,1,1,0,0,0,0
86,-0.06976117772006495,0.3531292709713983,0.5666910833973948,0.2619221646567876,0.23436697146698143,0.20189291761069889,0.2788686088073904,-0.10884165828622151,0.06495431821526551,-0.4271072796139079,-0.33504684437548093,-0.302885579551899,-0.026656058738493905,R1251,1,1,1,0,0.0,1.0,0.0,0.0,0.0,0,0,1,1,0,1.0,1,1,0,0,0,0,0
87,-0.48739769139472683,-0.4526099541072919,-0.2920964278713863,0.00794862601963436,-0.3217226164745461,-0.43755565698166654,-0.34716296198471047,-0.7069143314042547,-0.6782929983594861,-0.8285524038517271,-0.6467201288316371,-0.41746327736934075,-0.2769765849364928,R1252,0,0,1,0,0.0,0.0,0.0,0.0,0.0,0,0,1,0,0,1.0,1,1,1,0,0,0,0
88,1.397722034994012,0.7076240095808296,-0.021906100910755528,0.4038945477583996,0.9936571045920936,1.0391831376436567,-0.34716296198471047,1.3337918485357074,1.091194657972607,0.9687355249686326,-0.7648209753767029,-0.4403788169328291,-0.29167746316486093,R1253,1,1,0,0,0.0,0.0,0.0,0.0,0.0,0,0,0,0,0,1.0,1,1,1,0,0,0,0
89,-0.5759425352833477,-0.8415927731841065,-0.7918152151530133,-0.3734972348300734,-0.6482507800825105,-0.7527093452082646,-0.34716296198471047,-0.6739814230463542,-0.575713951160256,-0.8122100146624545,-0.6360349145962078,-0.4021862509936818,-0.5687228598411379,R1258,0,1,0,0,0.0,0.0,0.0,0.0,0.0,0,0,0,0,0,0.0,1,1,1,0,0,0,0
90,-0.5986690452147605,-0.3584544423888162,-0.07123361126047593,-0.3771112343950457,-0.47726458077858996,-0.7133151341799399,-0.34716296198471047,-0.35300476601399694,-0.1610424448193573,-0.6218141585737351,-0.67561138157974,-0.12932859376719869,-0.57379355936936,R1260,1,1,0,0,0.0,0.0,0.0,0.0,0.0,0,0,0,0,0,1.0,1,1,1,0,0,0,0
91,1.6004897274989538,0.6188095722710195,-0.3038728154774006,0.6509908603527179,1.1970832573794286,1.1719481582363533,-0.34716296198471047,2.3700925619823545,1.7418765926141386,0.6620270590889077,4.099496475520981,-0.4251017905571702,-0.5819934642967806,R1261,0,0,0,0,0.0,0.0,0.0,0.0,0.0,0,0,0,0,0,0.0,1,1,1,0,0,0,0
92,-0.32786939765539486,0.1957964791047071,0.5319174105607676,0.3175512339825445,-0.04186107227912405,-0.45594687704737613,-0.34716296198471047,-0.05865548701483233,0.378072271555816,0.6016134251680564,-0.1699148671245751,-0.4021862509936818,-0.0464626788238338,R1262,0,0,0,0,0.0,0.0,0.0,0.0,0.0,0,0,0,0,1,1.0,1,1,0,0,0,0,0
93,-0.16096236692534446,-0.309316557829093,-0.32920315862995975,-0.4304226958238299,-0.31229253850335326,-0.09193130829117087,-0.03414717658866006,-0.11801815954986607,-0.3679699719440013,0.4259446568201693,-0.35904239899029095,-0.41746327736934075,-0.37168332466195764,R1263,0,1,0,0,1.0,1.0,0.0,0.0,0.0,0,0,0,0,0,1.0,1,1,1,0,0,0,0
94,1.7706434025049202,0.43667893493552384,-0.6971597223197661,0.012363528667735742,0.7333968676056706,1.0637773135895168,-0.34716296198471047,7.775905121039709,0.8458823980221266,0.891294259828207,4.5595550209240585,-0.12932859376719869,-0.6228457704850547,R1265,1,0,0,0,0.0,0.0,0.0,0.0,0.0,0,0,0,0,0,1.0,1,1,1,0,0,0,0
95,-0.39671301377879764,0.030337624030546136,0.34282862088683935,0.2071786677800127,-0.0872211756704064,-0.23400076270409342,-0.34716296198471047,-0.19114744912328607,-0.19626894699412645,0.029032694029263194,-0.02363781988770986,-0.12932859376719869,0.027944362942253453,R1266,0,1,0,0,0.0,0.0,0.0,0.0,0.0,0,0,0,0,1,1.0,1,1,0,0,0,0,0
96,-0.6527551873567263,0.008782573738431556,0.5041984604881207,0.05250587980030027,-0.43173915263614987,-0.8136506661360597,0.5918843942034409,-0.3845690936881683,0.045557602759859095,0.45743829251210744,-0.3044740406932902,-0.4403788169328291,-0.2209963404953333,R1267,0,0,0,0,1.0,1.0,1.0,1.0,0.0,0,1,0,0,1,1.0,1,1,0,0,0,0,0
97,-0.6447123640368433,-0.717145739462199,-0.5588427169472392,-0.7642187111063989,-0.8020417338045923,-0.8132153709865755,-0.03414717658866006,-0.6308527892511471,-0.5934990668991095,-0.7225211179478156,-0.41789097322446433,-0.38690922461802296,-0.1622266272748392,R1270,0,0,0,0,0.0,0.0,0.0,0.0,0.0,0,0,0,0,1,1.0,1,1,0,0,0,0,0
98,-0.5948321019795869,-0.8853895833351642,-0.8413649214953001,-0.8805742911715728,-0.8438386154072981,-0.7631564287958866,1.8439475357876425,-0.6163648968540277,-0.6576896014851381,-0.7190295522070944,-0.6990264115467629,-0.41746327736934075,-0.41413573904282264,R1277,0,0,0,0,1.0,1.0,1.0,1.0,0.0,0,1,0,0,1,1.0,1,1,0,0,0,0,0
99,-0.40711703293571055,-0.8090122192912467,-0.8714724784880348,-0.8491256695686596,-0.7792589472009371,-0.6595561832186347,-0.03414717658866006,-0.6109360530235063,-0.8540195660612933,-1.1322249053395201,-0.7208438285046023,-0.41746327736934075,-0.38819745700775493,R1281,0,0,0,0,0.0,1.0,0.0,0.0,0.0,0,0,0,0,1,1.0,1,1,0,0,0,0,0
100,-0.591290308224042,-0.9157574064015769,-0.8882482759267911,-0.9767776981903744,-0.9020524081181841,-0.7699035036128925,-0.34716296198471047,-0.755390216543394,-0.5311009281628842,-0.9103576895647335,-0.7243013571649335,-0.4403788169328291,-0.6341041409462221,R1282,0,0,0,1,0.0,0.0,0.0,0.0,0.0,0,0,0,0,0,0.0,1,0,0,0,1,0,0
101,1.743268288269355,1.6014146613395206,1.019359869253106,1.4403834455845936,1.5309105889502126,1.824020292163762,-0.34716296198471047,0.6431773001597487,0.27272060952916627,0.16556178508570166,0.5163071588532735,-0.34489740208496095,1.4060453272297448,R1287,1,1,0,0,1.0,0.0,0.0,0.0,0.0,0,1,0,0,1,0.0,1,1,0,0,0,0,0
102,-0.5921757566629282,-0.04382700918692421,0.38199066457665115,0.02755865593260492,-0.12752287450477026,0.04768961090590279,-0.34716296198471047,-0.24930037838277594,-0.4168069752473142,-0.13045103302106792,-0.25698303728477717,-0.4098247641815113,-0.5234399697004865,R1288,1,1,0,0,0.0,0.0,0.0,0.0,0.0,0,0,0,0,0,1.0,1,1,1,0,0,0,0
103,-0.582878548054623,-0.8961480332154762,-0.8660286766701603,-0.9593470404750236,-0.8802878995109036,-0.7609799530484653,-0.34716296198471047,-0.7214101157012431,-0.5841853848251083,-0.7642011124733433,-0.7384901206318526,-0.12932859376719869,-0.5905065134385598,R1289,0,0,0,0,0.0,0.0,0.0,0.0,0.0,0,0,0,0,0,1.0,1,1,1,0,0,0,0
104,2.114049822052955,1.5643323447307853,0.6862325273980686,1.4234137175292743,1.6487394708202228,1.6877729103751913,-0.34716296198471047,0.1225983433479084,0.03903451254683034,0.2056424035057545,1.39726331498446,-0.38690922461802296,0.15649453642526256,R1290,1,1,1,0,1.0,0.0,0.0,0.0,0.0,0,0,0,0,1,1.0,1,1,0,0,0,0,0
105,-0.5636938318787552,-0.8389222359797738,-0.7971479189746047,-0.5806028235745551,-0.7366656135003342,-0.7540152306567174,-0.34716296198471047,-0.6091448524674092,-0.3340218761898468,-0.6966816955458263,-0.3748797418687142,-0.12932859376719869,1.521194916555437,R1291,0,0,0,0,1.0,0.0,0.0,0.0,0.0,0,0,0,0,1,0.0,1,0,0,0,0,0,1
106,-0.653419273685891,-0.8100041331099989,-0.6874941966431316,-0.6997231176267977,-0.7840430053649918,-0.796674155306174,-0.34716296198471047,-0.14010055381794193,0.11951068676270059,-0.895780953373418,-0.4260999360493098,-0.41746327736934075,-0.5146719316984438,R1292,0,0,0,0,0.0,0.0,0.0,0.0,0.0,0,0,0,0,1,0.0,1,1,0,0,0,0,0
107,-0.49352204309702313,-0.07366072481247041,0.2642823375146494,-0.17304413112033595,-0.1702668845041539,-0.1738756201815812,-0.34716296198471047,0.3951310657955822,-0.32071209378418153,-0.0560695878144947,-0.2792808800282029,-0.41746327736934075,0.20507886128300962,R1294,0,1,1,1,0.0,0.0,0.0,0.0,0.0,0,0,1,0,0,0.0,1,1,0,0,0,1,0
108,-0.5974884472962455,-0.9398685423035529,-0.9186891269083753,-0.9893701064283542,-0.917919928071283,-0.7936270892597842,-0.03414717658866006,-0.8688953375647506,-0.8540195660612933,-1.17566433250934,-0.7648209753767029,-0.43655956033891435,-0.6199144152940194,R1298,0,0,0,0,0.0,1.0,0.0,0.0,0.0,0,1,0,0,1,1.0,1,1,0,0,0,0,0
109,-0.585682468111096,-0.8275533775956142,-0.7640407160822248,-0.8687594587424565,-0.7703775534101318,-0.7043915836155127,0.2788686088073904,-0.5109379033678332,-0.5412582969470706,-0.8076737973128736,-0.7617046809554939,0.7741447799320534,-0.15100512920601178,R1299,0,0,0,0,1.0,1.0,0.0,0.0,0.0,0,1,0,0,1,1.0,1,1,0,0,0,0,0
110,-0.6964373103417794,-1.00808169260851,-0.9435195290776602,-1.0414784852862031,-0.9909073088069793,-0.8750272822133393,-0.03414717658866006,-0.7733189446681353,-0.7072190168498187,-1.173615302925858,-0.7614179818687427,-0.12932859376719869,0.3492143164933606,R1301,0,0,0,0,0.0,1.0,1.0,0.0,0.0,0,0,0,0,1,1.0,1,0,0,0,0,0,1
111,-0.6587319643192083,-0.958943808048787,-0.9003579575216549,-0.9984418241984253,-0.9507324431804547,-0.8425977935767625,0.2788686088073904,-0.6644069060634994,-0.8328464099250229,-1.1409040092181264,-0.7648209753767029,1.3852258349584095,-0.645798834716747,R1306,0,0,0,0,0.0,0.0,1.0,0.0,0.0,0,0,1,0,0,1.0,1,0,1,0,0,1,0
112,-0.3221139828026345,1.0280884741007632,1.7394415321623693,1.3415483764393505,0.7734463503265897,1.050283163955505,-0.34716296198471047,0.20366902403642698,0.6317486932423078,0.2554776358376685,-0.5801922170241524,-0.3563551718667051,1.5851837000152422,R1308,1,1,0,0,0.0,0.0,0.0,0.0,0.0,0,0,0,0,1,1.0,1,1,0,0,0,0,0
113,1.2165002545019679,0.3794912882313119,-0.36325469449074643,0.1256952028095526,0.44662750699875653,0.7505824535355978,-0.34716296198471047,0.4441212590122886,-0.36902332531441207,0.409265614758263,1.2431815133134068,-0.41746327736934075,-0.35535807295339245,R1311,1,0,0,0,0.0,0.0,0.0,0.0,0.0,0,0,0,0,1,0.0,1,1,0,0,0,0,0
114,-0.674227311999717,-0.9689392472992897,-0.9032465054250168,-0.9620469564780207,-0.9315057309149629,-0.8408566129788255,-0.34716296198471047,-0.7965863742941994,-0.8057628489559677,-1.04193276809889,-0.7641439872783022,1.2324555712018206,-0.6338544370919735,R1314,0,0,0,0,0.0,0.0,0.0,0.0,0.0,1,0,0,0,1,1.0,1,0,0,0,1,0,0
115,-0.4336804861022968,-0.7121861703684381,-0.7104914818737446,-0.6878434872136096,-0.6708595011954108,-0.6473679190330758,-0.34716296198471047,-0.37410353898167137,-0.40009395407184634,-0.6143758481933508,-0.6138078608655795,-0.4021862509936818,-0.15596970763936793,R1316,0,0,0,0,1.0,0.0,0.0,0.0,0.0,0,0,0,0,1,1.0,1,1,0,0,0,0,0
116,-0.35399012660253804,-0.4829396266422142,-0.4366904700339113,-0.5604614501921947,-0.47949744286735835,-0.3157818389134472,-0.34716296198471047,-0.5077573462943401,-0.06652514743344953,0.004190352458735849,-0.5653104129444078,-0.41746327736934075,0.04303890818295811,R1318,0,0,0,0,1.0,0.0,0.0,0.0,0.0,0,1,0,0,1,1.0,1,1,0,0,0,0,0
117,1.1571752090965919,0.8343600751921653,0.34371740485710456,0.5958909745635479,0.8339139947650454,1.1284186432879282,-0.34716296198471047,1.5846482105365185,1.8261872841500044,0.6699092419007137,1.2184191002439182,-0.3792707114301935,-0.07672185396274257,R1323,1,0,0,0,0.0,0.0,0.0,0.0,0.0,0,0,0,0,1,1.0,1,1,0,0,0,0,0
118,-0.5839115712333236,-0.8943931087669147,-0.8626957367816657,-0.9541200030932208,-0.8770429835186323,-0.7592387724505284,-0.34716296198471047,-0.31931034595990804,-0.42740567605370305,-0.532514499964822,-0.548002843337077,-0.12932859376719869,-0.645798834716747,R1327,0,0,0,1,1.0,0.0,0.0,0.0,0.0,0,0,0,0,0,1.0,1,0,0,0,0,0,1
119,-0.6715709666830584,-0.8065705852758567,-0.6688297332675618,-0.780518212013134,-0.8199253487636368,-0.8097330097907015,2.156963321183693,-0.7953580348481508,-0.8349939874535564,-1.1287188477558878,-0.761867153214636,0.14565788099466154,2.546017513398268,R1331,1,1,0,0,1.0,1.0,1.0,1.0,0.0,0,1,1,0,1,1.0,1,1,0,0,0,0,1
120,-0.6343821322498375,0.4488108039494928,1.1310689045158175,0.6531291938270916,0.32279994314939675,0.43281699441209426,-0.03414717658866006,0.3563342209009754,-0.10603581531711384,0.22375274253210423,0.6958485457323554,0.40749614691623987,-0.515196821048226,R1332,1,0,0,0,0.0,0.0,0.0,0.0,0.0,0,0,0,0,1,1.0,1,1,0,0,0,0,0
121,-0.29097571270180284,-0.612633121454691,-0.6729692446090721,-0.6789149729883377,-0.5443903868925205,-0.4887028370460661,-0.34716296198471047,-0.8954867438529336,-0.8462434724088654,-1.1660995264458203,-0.7554954643212352,0.006474204555193731,-0.5345700097765488,R1333,1,0,0,0,0.0,0.0,0.0,0.0,0.0,0,0,0,0,1,1.0,1,1,0,0,0,0,0
122,1.7437995573326865,0.8819719384922697,-0.028583090487372925,0.7037012124825957,0.984779538976028,1.306563183214358,-0.34716296198471047,-0.7198993117945524,-0.4040737906683649,0.37847112914136877,0.4600653949544879,-0.12932859376719869,-0.5244420311864342,R1334,0,1,0,0,1.0,0.0,0.0,0.0,0.0,0,0,0,0,1,0.0,1,1,0,0,0,0,0
123,-0.5709249941296592,-0.9054567628991504,-0.8885815699156405,-0.9491953563037535,-0.8787647163187963,-0.7468328606902271,-0.34716296198471047,-0.5415064861121449,-0.39530519220248367,-0.8796933926730399,-0.7648209753767029,-0.41746327736934075,-0.5992904571784745,R1338,1,0,0,0,0.0,0.0,0.0,0.0,0.0,0,1,1,0,1,1.0,1,1,0,0,0,0,0
124,-0.5300467912010792,0.40806603631767263,0.9931962911284233,0.6560667024383526,0.013885544873113274,-0.6861091873371741,-0.34716296198471047,-0.5218703112459683,-0.5168506769561569,-0.39095758448926526,-0.6501257592041075,-0.29524706636406955,-0.05526252830162083,R1348,0,1,0,0,0.0,0.0,0.0,0.0,0.0,0,0,0,0,1,1.0,1,1,0,0,0,0,0
125,-0.560004463383396,-0.8182064973804495,-0.7697622628908073,-0.8016179475799182,-0.7973879702892925,-0.729203407136115,-0.34716296198471047,-0.5661779176490109,-0.6060247737921838,-0.40935288115683616,-0.6366088321521137,-0.43274030374499967,-0.4599880048938675,R1349,0,0,0,0,1.0,0.0,0.0,0.0,0.0,0,1,0,0,0,1.0,1,1,1,0,0,1,0
126,-0.47544413746976305,-0.5824743633008459,-0.49018415524425,-0.4175926949775868,-0.5070835165424379,-0.42602033552033386,-0.34716296198471047,-0.3909796606869833,-0.2957269305511904,-0.46028773172266163,-0.32064375098454767,-0.12932859376719869,-0.19859509691959304,R1355,0,0,0,0,1.0,0.0,0.0,0.0,0.0,0,0,0,0,0,1.0,1,1,1,0,0,0,0
127,-0.24603920442832772,-0.5462668383791872,-0.6101661028001865,-0.667133295527738,-0.5645630041085107,-0.4288497539919815,-0.34716296198471047,-0.8631001771408001,-0.7882005662366675,-0.9573847479963468,-0.7470814693839709,-0.43274030374499967,-0.6171028953780892,R1356,0,1,0,0,0.0,0.0,0.0,0.0,0.0,0,0,0,0,1,0.0,1,1,0,0,0,0,0
128,-0.3365763073044426,-0.7001306024174502,-0.7660404800153215,-0.7733984255165899,-0.6611186773778271,-0.5446382637547924,-0.34716296198471047,-0.10563259975976957,-0.41646981292685725,-0.060902289135695176,-0.7557058141946666,-0.4021862509936818,-0.4500986123718357,R1360,1,0,0,0,0.0,0.0,0.0,0.0,0.0,0,0,0,0,0,1.0,1,1,1,0,0,0,0
129,-0.44784766112447616,-0.7044034619443826,-0.68849407860968,-0.7424897871142762,-0.7018834965174492,-0.6521561656774025,-0.34716296198471047,-0.4685439316296358,-0.28198436938525007,-0.4148700830353231,-0.4940066800551888,-0.34107814549104626,-0.15693598121510327,R1361,0,0,0,0,0.0,0.0,0.0,0.0,0.0,0,0,0,0,0,0.0,1,1,1,0,0,0,0
130,1.7461459956957353,1.0128282615045758,0.16018351499733402,0.6166473888113907,1.1917269111214759,1.3645619089316396,-0.34716296198471047,-0.7112659159859528,-0.2821067468188634,0.3370249417466395,0.44414764506854715,-0.4251017905571702,-0.5493504166942779,R1362,0,1,0,0,0.0,0.0,0.0,0.0,0.0,0,0,0,0,0,1.0,1,1,1,0,0,0,0
131,-0.5056969591317085,-0.11528867724829493,0.21283563288582774,-0.10200491321923212,-0.30266447633944266,-0.6454090908603966,-0.34716296198471047,-0.6601578019386657,-0.5653919675540178,-0.8804200679425634,-0.7518885932436412,-0.43274030374499967,-0.5083016836806332,R1364,0,0,0,0,0.0,0.0,0.0,0.0,0.0,0,0,0,0,0,1.0,1,1,1,0,0,0,0
132,-0.6627164822941962,-0.47771300382802,-0.19666324906415691,-0.6544725254165625,-0.5726474618607286,-0.3272083365874088,-0.34716296198471047,0.3206644401029912,-0.8540195660612933,1.6478496471103106,1.7205796402584939,-0.27997003998841063,-0.46728873857720093,R1365,0,0,0,0,0.0,0.0,0.0,0.0,0.0,0,0,0,0,1,0.0,1,1,0,0,0,0,0
133,-0.6710544550937081,-0.9517333575970885,-0.8805825141832534,-0.9790672269609163,-0.9449649708318028,-0.820941859889921,-0.34716296198471047,-0.696842882065516,-0.5321651873337551,-1.1456759307927535,-0.7644937644624759,1.7039145713118695,-0.645798834716747,R1367,0,0,0,0,1.0,0.0,0.0,0.0,0.0,0,0,0,0,0,1.0,1,1,1,0,0,1,0
134,-0.5645792803176414,0.7701145801622167,1.5463532146222476,0.9986002938864613,0.6113827371609071,0.5673231956027279,-0.34716296198471047,-0.45915297872874405,0.25633182265662574,0.6721629935860288,-0.09977822060640869,0.16306372490569745,-0.5966878808191382,R1369,0,0,1,0,0.0,0.0,0.0,0.0,0.0,0,0,0,0,1,1.0,1,1,0,0,0,0,0
135,1.1611597270715799,0.44369863272977,-0.2281039820122895,0.3058119992015121,0.7037766951593543,0.7830119421721746,-0.34716296198471047,0.7290697987751453,2.4182903966601126,1.033185899502942,0.8865470665438158,-0.09877454101588087,-0.4608469147389656,R1370,0,0,0,0,0.0,0.0,0.0,0.0,0.0,0,0,1,0,1,0.0,1,1,0,0,0,0,0
136,-0.5285710438029356,-0.6593644704879953,-0.5621445493967746,-0.6234032960103906,-0.6279209956018751,-0.6701120905936279,-0.34716296198471047,-0.5451891080402617,-0.13267812940241586,-0.6746230403448841,-0.6171492671299362,-0.12932859376719869,-0.5826948079260823,R1377,0,0,0,0,0.0,0.0,0.0,0.0,0.0,0,0,0,0,1,1.0,1,1,0,0,0,0,0
137,0.717845208669218,0.9518255616513172,0.84549150506997,0.6037423303002639,0.8456659933709617,0.8959710334633378,-0.34716296198471047,0.5874243163510128,8.35025388003452,-1.17566433250934,1.616129241995623,-0.2646930136127517,-0.5267747522430073,R1378,0,0,0,0,0.0,0.0,0.0,0.0,0.0,0,0,1,0,0,1.0,1,0,1,0,0,0,0
138,-0.5929136303620001,0.2740050686601671,0.8453248580755452,0.5951013031309906,0.24036421690872606,0.20102232731173036,-0.34716296198471047,-0.5716783612516573,-0.1646850940896439,-0.057720777089643356,-0.2687394829619146,-0.2646930136127517,0.18329968117436438,R1379,0,1,0,0,0.0,0.0,0.0,0.0,0.0,0,0,0,0,1,1.0,1,1,0,0,0,0,0
139,-0.11336951333521074,-0.5409986314856684,-0.7023724403053716,-0.5201266490469364,-0.45599129701662444,-0.39078645788320476,-0.34716296198471047,-0.826791710073441,-0.712961045465024,-0.8760506734135163,-0.7213746373210148,-0.43274030374499967,-0.3711624117466435,R1380,0,0,0,0,0.0,0.0,0.0,0.0,0.0,0,0,0,0,1,1.0,1,1,0,0,0,0,0
140,-0.5194951973043519,1.679970420731544,2.8372063883360292,1.5000604449753252,0.882982695674193,-0.46846161259504837,1.2179159649955416,0.1321429506062444,-0.31415209627831814,1.180910460945415,-0.30050559692566103,-0.20358490811011615,1.3219636204029006,R1381,0,1,0,0,1.0,1.0,1.0,1.0,0.0,0,0,0,0,1,1.0,1,1,0,0,0,0,0
141,-0.28389212519071316,0.09832187114656063,0.35688251741665833,0.14406543129394642,-0.02474659629298915,-0.21599042589418252,0.2788686088073904,-0.33664745677011276,-0.0971453137821626,-0.16058989481679017,-0.41699284330647307,-0.33343963230321677,0.5719365039088947,R1384,1,1,0,0,1.0,1.0,1.0,0.0,0.0,0,0,0,0,1,1.0,1,1,0,0,0,0,0
142,-0.40800248137459677,-0.187845265563442,0.03364289723082151,-0.25601654576813043,-0.28355159398100377,-0.14264319320608615,-0.34716296198471047,-0.8002992966189073,-0.6280733140131152,-0.8482513589572985,-0.746287749194889,-0.4021862509936818,-0.5666737534543227,R1386,0,1,0,0,0.0,0.0,0.0,0.0,0.0,0,0,0,0,1,1.0,1,1,0,0,0,0,0
143,-0.4203987595190037,-0.7005884087953358,-0.703603406104189,-0.6908673931369668,-0.658387586091797,-0.590561902025381,-0.34716296198471047,-0.6782255811903302,-0.10716926201117813,-0.7714973782755313,-0.7026836227650071,-0.38690922461802296,-0.35981963242654075,R1389,0,0,0,0,0.0,0.0,0.0,0.0,0.0,0,0,0,0,1,0.0,1,1,0,0,0,0,0
144,-0.34690653909144836,-0.6127277347727873,-0.6310008655331478,0.9631335492912475,0.11059080072973597,-0.5153646649519765,-0.34716296198471047,-0.0051022579858276945,0.0003606737080468805,0.07293483872943121,-0.2219210683934162,-0.38690922461802296,-0.5837425984084125,R1390,0,0,0,0,0.0,0.0,0.0,0.0,0.0,0,0,0,0,1,0.0,1,1,0,0,0,0,0
145,-0.5240700142385973,-0.7440418641629791,-0.6888273725985296,-0.5495537895400854,-0.6660341962018037,-0.6775121081348602,-0.34716296198471047,-0.2588992441954705,-0.8081902237749937,1.9136203154232545,0.32657615580388005,0.43805019966755765,0.9866973649743571,R1391,0,0,0,0,1.0,0.0,0.0,0.0,0.0,0,0,1,0,1,0.0,1,1,0,0,0,0,1
146,-0.21586017013628941,-0.6922715929304137,-0.8454755473577767,-0.7331588774079174,-0.6031144836687389,-0.4897910749197767,-0.34716296198471047,-0.38260606729377583,-0.4180794048984411,-0.05658735909205671,-0.7327952071467412,-0.12932859376719869,-0.40066656139093193,R1393,0,0,0,0,0.0,0.0,0.0,0.0,0.0,0,0,0,0,1,1.0,1,1,0,0,0,0,0
147,-0.45087294329067074,0.401656747027274,0.9242599844347262,0.496631262629353,0.1718826321294973,-0.3666025476157335,-0.34716296198471047,-0.5586434563614897,-0.4185531778004822,-0.44801944991138104,-0.06766160777505528,-0.3487166586788757,1.4778199693779854,R1395,1,1,1,0,0.0,0.0,0.0,0.0,0.0,0,0,1,0,1,1.0,1,1,0,0,0,0,0
148,-0.5121902476835407,0.43059011010964515,1.0125495620809488,0.6267996129658613,0.1630914896541013,-0.2662670156596136,1.8439475357876425,-0.27912145470050637,-0.3165637358740988,-0.04532734936292207,-0.6189453158002681,0.16306372490569745,0.34849667471489054,R1396,1,1,0,0,1.0,1.0,1.0,1.0,1.0,0,0,0,0,0,1.0,1,1,1,0,0,0,0
149,-0.360778564633999,-0.7758212568945392,-0.8580296209377731,-0.8381748102605024,-0.7240908677629943,-0.5966560341181605,-0.34716296198471047,-0.579925897465703,-0.4199482600063874,-0.5221336648205293,-0.7573886131821196,-0.4251017905571702,-0.5059695048651239,R1397,0,0,0,0,1.0,0.0,0.0,0.0,0.0,0,0,0,0,0,1.0,1,1,1,0,0,0,0
150,-0.6319471490429005,-0.9550906043682497,-0.9149117950347481,-0.991638035870872,-0.9306818700609585,-0.8169153797571916,-0.34716296198471047,-0.579040587621804,-0.4299876894469998,-1.0014968179133634,-0.7518332190889259,-0.3563551718667051,0.6990571492006411,R1399,0,0,0,0,0.0,0.0,0.0,0.0,0.0,0,0,0,0,0,0.0,1,1,1,0,0,0,1
151,1.0906190014403119,0.592867210857501,0.04219744294462438,0.40162661831588203,0.774316384624336,0.9798741735264273,-0.34716296198471047,1.328016799533097,0.895343324856627,0.7128447741054704,2.122446799856857,-0.12932859376719869,-0.37202132159174156,R1402,0,0,0,0,1.0,0.0,0.0,0.0,0.0,0,0,0,0,0,1.0,1,1,1,0,0,0,0
152,0.15455242679777467,0.06740696945857455,-0.01820320469463801,-0.15573907349744592,-0.08771366584272187,0.08512499376154842,-0.34716296198471047,-0.8791604782790863,-0.8385251261525511,-1.165734263545739,-0.7508443948975808,-0.32580111911538734,-0.41328478206666064,R1406,0,1,0,0,0.0,0.0,0.0,0.0,0.0,0,0,0,0,1,1.0,1,1,0,0,0,0,0
153,1.57333597537311,0.4675808654428032,-0.5036270127945116,0.13735883994250114,0.7096239107709987,1.0635596660147746,-0.34716296198471047,1.6497974259908634,0.5302398047303105,0.6743769328108329,2.46077401994358,-0.1959463949222867,-0.4222675475299778,R1410,0,0,0,0,0.0,0.0,0.0,0.0,0.0,0,0,0,0,1,1.0,1,1,0,0,0,0,0
154,-0.5738764889259466,-0.8948509151448003,-0.870916988506619,-0.937402123202661,-0.8746668526527799,-0.758585829726302,-0.34716296198471047,-0.6952992531393309,-0.6208500568068873,-1.1166771172272805,-0.7522084819555918,-0.27997003998841063,-0.49191082080334525,R1416,0,0,0,0,1.0,0.0,0.0,0.0,0.0,0,0,0,1,0,1.0,1,1,0,0,0,0,0
155,0.288550290549221,0.3353129727653496,0.27100376628978023,0.10755176726941038,0.24088175018156388,0.5716043233979056,0.2788686088073904,0.35646791454504795,0.3950879365786623,0.99941388791109,0.19680470107686843,0.5297123579215111,-0.20315805547167645,R1418,0,0,1,0,1.0,1.0,1.0,1.0,1.0,0,0,0,0,1,1.0,1,1,0,0,0,0,0
156,0.4671895130945136,3.1605887328234687,4.2502562481616515,2.4265312215718606,1.8801470906823565,1.0166914372698053,0.2788686088073904,0.696648504296571,0.24991372290869063,1.7095066047014078,0.4423721872419067,-0.06822048826456308,0.7898331834544419,R1419,0,1,1,0,1.0,1.0,1.0,1.0,0.0,0,0,1,0,0,1.0,1,1,1,0,1,0,0
157,1.767691907708633,1.697668452289972,1.141123273179443,1.7678921124726625,1.66852913227208,1.4406340892555074,-0.34716296198471047,1.6629020851580083,0.812839812265307,1.2055014983342205,1.354226188166508,-0.08136869710484494,3.446906577175492,R1422,0,0,0,0,1.0,0.0,0.0,0.0,0.0,0,1,0,0,1,0.0,1,1,0,0,0,0,0
158,-0.3663126173770378,-0.7720443542769829,-0.8483640952611388,0.5897999640607862,-0.2535289516307695,-0.5778295189029665,-0.34716296198471047,-0.05528210807683183,-0.4363916643424892,0.4897058055238809,-0.7615079648701552,-0.38690922461802296,-0.43393440625922647,R1423,0,0,0,0,0.0,0.0,0.0,0.0,0.0,0,0,1,0,1,1.0,1,1,0,0,0,1,0
159,3.863400787812475,3.7538676480317412,2.5573449807989497,2.9755753402773903,4.392017385473282,3.4557241600054787,-0.34716296198471047,2.902927483435937,0.9627182471848853,1.7774892530891928,-0.024441434684341644,-0.08136869710484494,0.7391575025936566,R1424,1,1,0,0,0.0,0.0,0.0,0.0,0.0,0,0,0,0,1,1.0,1,1,0,0,0,0,0
160,-0.5169126393576005,0.2482961884993704,0.7506760311220751,0.06888897010648828,-0.024764739486699817,-0.6706562095304832,-0.34716296198471047,-0.31004802854690827,-0.15125999205027085,-0.30085891297705425,0.10026518894582953,2.2331007988074787,-0.2502708510490921,R1425,1,1,0,0,0.0,0.0,0.0,0.0,0.0,0,0,1,0,1,1.0,1,1,0,0,0,1,0
161,-0.4826015123507599,-0.6884946903128574,-0.6391665682599597,-0.7587972797723802,-0.644713717860466,-0.6368120116580827,-0.34716296198471047,-0.5137772520999319,-0.616578525261658,-0.8272647747694571,-0.5675356227662928,-0.3563551718667051,-0.3863006977664968,R1427,0,0,1,0,1.0,0.0,0.0,0.0,0.0,0,0,0,1,0,1.0,1,1,0,0,0,0,0
162,-0.6112128980989817,-0.9243031254554418,-0.8856930220122785,-0.9642932865925147,-0.7537979997733302,-0.7927564989608157,-0.34716296198471047,-0.7586683463878098,-0.5554668618117669,-0.931122409004485,-0.7319129062887364,-0.1042842366683333,-0.629502554173592,R1428,0,0,0,0,0.0,0.0,0.0,0.0,0.0,0,0,0,0,0,0.0,1,1,1,0,0,0,0
163,-0.5880436639481259,-0.5864420185758547,-0.41119347988692745,-0.5974287001052344,-0.6198358203595814,-0.7004739272701545,-0.34716296198471047,-0.893961583850438,-0.8540195660612933,-1.0789757490387797,-0.7628577098913413,0.7741447799320534,-0.6358037826502787,R1492,0,0,0,1,1.0,0.0,0.0,0.0,0.0,0,0,0,0,0,0.0,1,0,0,0,0,0,0
164,-0.5266525721853488,-0.7738374292570349,-0.730266925212146,-0.05012332730563503,-0.45228847576296954,-0.6985150990974752,-0.03414717658866006,-0.4266115754029171,-0.11322964717579426,-0.04048438523147136,-0.1631390020779219,-0.32580111911538734,-0.004029578553242085,R1493,0,0,0,0,0.0,1.0,1.0,0.0,0.0,0,0,0,0,1,1.0,1,1,0,0,0,0,0
